id,title,price,base_price,original_price,currency_id,initial_quantity,available_quantity,sold_quantity,condition,category_id,reviews_quantity,reviews_average,brand
MLA2019135782,Adaptador Smart Tv Box 4k Color Negro 32gb,36453.0,36453.0,,ARS,194,,,new,MLA352001,,,
MLA1400520061,Google Chromecast 4k Chromecast With Google Tv Ga01919-us De Voz 4.ª Generación 4k 8gb Sky Con 2gb De Memoria Ram,106990.0,106990.0,,ARS,403,,,new,MLA352001,,,
MLA932850134,Chromecast With Google Tv De Voz 4 Generación 4k 8gb Snow Con 2gb De Memoria Ram,121399.0,121399.0,,ARS,991,,,new,MLA352001,,,
MLA1976418540,Chromecast With Google Tv De Voz 4ª Generación 4k 8gb Snow Con 2gb De Memoria Ram,112999.0,112999.0,,ARS,352,,,new,MLA352001,,,
MLA1446389281,Chromecast Google Ga03131 Tv Hd 8gb 2gb Ram 60 Fps Wifi Bluetooth Hdmi 4ta Gen Blanco,107999.0,107999.0,,ARS,865,,,new,MLA352001,,,
MLA1947297766,Mi Tv Stick Xiaomi 4k Mdz-27-eu 2.ª Generación Color Negro,95990.0,95990.0,,ARS,177,,,new,MLA352001,,,
MLA1446111159,Google Chromecast Ultra 4k Negro,160539.0,160539.0,,ARS,31,,,new,MLA352001,,,
MLA1949495790,Tv Box Smart Z8pro 32gb El Mas Rapido Full Apps!!,91900.0,91900.0,,ARS,490,,,new,MLA352001,,,
MLA2004123498,Mirascreen Anycast Wireless Dongle Tipo Chromecast /e Color Negro,29999.0,29999.0,,ARS,199,,,new,MLA352001,,,
MLA1143886187,Chromecast With Google Tv De Voz 4k 8gb Snow 2gb Ram,130000.0,130000.0,,ARS,988,,,new,MLA352001,,,
MLA1669104294,Google Chromecast Ultra 4k Negro (bulk) ,72369.2,72369.2,,ARS,209,,,new,MLA352001,,,
MLA2014004732,Control De Voz Xiaomi Mi Tv Stick Full Hd De 8 Gb Y 1 Gb De Ram,75890.0,75890.0,,ARS,105,,,new,MLA352001,,,
MLA2006690998,Tv Box 4k Hdmi Android  --el Más Rápido--,70000.0,70000.0,,ARS,249,,,new,MLA352001,,,
MLA1451432065,Smart Tv Onn  Uhd Streaming Device 2° Gen 4k Color Negro,71700.0,71700.0,,ARS,563,,,new,MLA352001,,,
MLA1382798627,Google Chromecast Ultra 4k Negro,80299.0,80299.0,,ARS,372,,,new,MLA352001,,,
MLA1867531158,Google Chromecast 4 4k Ga01919 8gb 2gb + Cargador + Control,118999.0,118999.0,,ARS,380,,,new,MLA352001,,,
MLA1463076569,Xiaomi Mi Tv Stick 4k Android Google Tv Color Negro Tipo De Control Remoto De Voz,88562.0,88562.0,,ARS,21,,,new,MLA352001,,,
MLA1906611378,Smart Tv Onn  Uhd Streaming Device 2° Gen 4k Color Negro,71700.0,71700.0,,ARS,326,,,new,MLA352001,,,
MLA2005616226,Google Tv Streamer 4k Netflix Hdr 2024 Androidtv Color Blanco Tipo De Control Remoto De Voz,235708.0,235708.0,,ARS,84,,,new,MLA352001,,,
MLA2018369158,Smart Tv Onn Uhd Streaming Device 2° Gen 4k + Magls,86000.0,86000.0,,ARS,20,,,new,MLA352001,,,
MLA1946970286,Tv Box Gadnic Android 10.0 Hdmi 4k Chromecast Full Hd Color Negro Tipo De Control Remoto Estándar,59999.0,59999.0,,ARS,358,,,new,MLA352001,,,
MLA1451195339,"Google Chromecast Con Google Tv (4k) - Disfruta De Películas, Programas En Vivo En 4k Hdr - Color Nieve",185000.0,185000.0,,ARS,5,,,new,MLA352001,,,
MLA1487520626,Conversor Smart Tv Box Full Hd Android 11 2gb + 16gb Rom,152957.13,152957.13,,ARS,17,,,new,MLA352001,,,
MLA1984710792,Tv Stick Xiaomi Mi Tv 4k Hdmi Android 11 Sin Cargador,125299.0,125299.0,,ARS,273,,,new,MLA352001,,,
MLA1962297998,Smart Tv Onn 4k Uhd Streaming Device 2° Gen - Desbloqueado,75000.0,75000.0,,ARS,133,,,new,MLA352001,,,
MLA2014877044,Chromecast Tv Gen 4 - 4k Hdr. Wifi+bth+c. Remoto Sin Muñeco,109500.0,109500.0,,ARS,21,,,new,MLA352001,,,
MLA1462796143,Tivo Ipa1104hdw-01 Stream 4k Original Con Google Oficial Certificado 8gb De Almacenamiento 2gb De Ram,80709.0,80709.0,,ARS,28,,,new,MLA352001,,,
MLA2009283932,Google Chromecast 4k Gen 4 Ga01919-es Nieve 8gb Control Voz,109500.0,109500.0,,ARS,15,,,new,MLA352001,,,
MLA1391264291,Android Tv Stick Control De Voz Full Hd 16gb Con 2gb De Ram,69999.0,69999.0,,ARS,557,,,new,MLA352001,,,
MLA1439213343,Xiaomi Mi Tv Stick Full Hd 8gb Con Control Outlet,64400.0,64400.0,,ARS,135,,,new,MLA352001,,,
MLA1912327352,Onn 4k 2gen Google Tv 2023 8gb + 2 Gb Ram + Fuente + Remoto,71700.0,71700.0,,ARS,155,,,new,MLA352001,,,
MLA1361366203,Google Chromecast With Google Tv Hd 8gb Snow 2gb Ram,129499.0,129499.0,,ARS,449,,,new,MLA352001,,,
MLA1391312469,Xiaomi Mi Tv Stick 4k 8gb Ram 2gb Chromecast Amazon Netflix ,124999.0,124999.0,,ARS,44,,,new,MLA352001,,,
MLA2016252780,Onn Google Tv Fhd Streaming Stick 2da Generación 8gb 1.5gb Ram Color Negro Control Remoto De Voz,74999.0,74999.0,,ARS,266,,,new,MLA352001,,,
MLA1997664926,Google Chromecast 4 Generación Con Google Tv Blanco,150087.0,150087.0,,ARS,3,,,new,MLA352001,,,
MLA1459903731,Google Chromecast 3 Full Hd Media Streaming Negro,140000.0,140000.0,,ARS,28,,,new,MLA352001,,,
MLA885133507,Chromecast Smart Tv Netflix Google Tv 4k Hdr Control Remoto,299999.0,299999.0,,ARS,3459,,,new,MLA352001,,,
MLA1442224189,Chromecast  Google Tv 4 Generación 4k 8gb Con Cargador,130000.0,130000.0,,ARS,211,,,new,MLA352001,,,
MLA1472409655,Google Chromecast 4k Color Sky 4ta Generación,106990.0,106990.0,,ARS,90,,,new,MLA352001,,,
MLA1478244983,Google Chromecast Tv 4 1080p Fhd Control Remoto Wifi Hdmi Color Blanco,161629.0,161629.0,,ARS,1,,,new,MLA352001,,,
MLA2009244670,Google Chromecast 4k Gen 4 Ga01919-es Snow 8gb Control Voz,109700.0,109700.0,,ARS,14,,,new,MLA352001,,,
MLA1909501704,Xiaomi Mi Tv Stick 2a Gen 8gb Full Hd Mdz-24-aa,75499.0,75499.0,,ARS,44,,,new,MLA352001,,,
MLA1438130645,Xiaomi Stick 4k Mdz-27-aa De Voz 4k 8gb Negro Con 2gb Ram,102929.0,102929.0,,ARS,59,,,new,MLA352001,,,
MLA1388893071,Xiaomi Stick 4k Control De Voz 4k 8gb Con 2gb De Memoria Ram,110806.0,110806.0,,ARS,24,,,new,MLA352001,,,
MLA1439021777,Chromecast 4 Original Google Tv De Voz 4k 8gb,145530.0,145530.0,,ARS,21,,,new,MLA352001,,,
MLA2012521480,Tv Box Watch Onn 4k Chromecast Solucionado Ubicación Negro,75000.0,75000.0,,ARS,5,,,new,MLA352001,,,
MLA1835129114,Google Chromecast 4 Hd Ga03131 8gb 2gb + Cargador + Control,114999.0,114999.0,,ARS,493,,,new,MLA352001,,,
MLA1475593181,Google Nest Mini Nest Mini 2nd Gen Con Asistente Virtual Google Assistant Charcoal 110/220v,58013.0,58013.0,,ARS,80,,,new,MLA409415,,,
MLA1597574484,Parlante Google Home Mini Asistente Virtual Refabricado,69990.0,69990.0,,ARS,176,,,new,MLA409415,,,
MLA1398793543,Google Home Mini Con Asistente Virtual Google Assistant Ref,69990.0,69990.0,,ARS,157,,,new,MLA409415,,,
MLA930506223,Soporte Montaje Embutido Pared Google Home Hub Mountgenie,19900.0,19900.0,,ARS,50,,,new,MLA409415,,,
MLA2011107376,Prte Pared 45º Ggle Hme Hub 138x60mm Nextsale Clr Negr,10900.0,10900.0,,ARS,12997,,,new,MLA409415,,,
MLA1400539531,Google Home Mini Asistente Virtual Google Assistant Ref,64990.0,64990.0,,ARS,3,,,new,MLA409415,,,
MLA1110314122,Soporte Pared 45º Google Home Hub Base 138x60mm Nextsale,10900.0,10900.0,,ARS,25998,,,new,MLA409415,,,
MLA1400506527,Google Home Mini Multi-room Google Assistant Refabricado,84990.0,84990.0,,ARS,1,,,new,MLA409415,,,
MLA1110377590,Soporte De Pared Google Mini Home / Nest Mini 2da Generacion,10900.0,10900.0,,ARS,38960,,,new,MLA409415,,,
MLA1432622907,Google Home Mini Google Assistant Coral 110v/220v Usado,39990.0,39990.0,,ARS,17,,,used,MLA409415,,,
MLA1981779742,Google Home Mini 2gen Asistente Virtual Assistant Chalk,70000.0,70000.0,,ARS,1,,,used,MLA409415,,,
MLA1569955706,Google Home Asistente Virtual Google Assistant White Y Slate,220000.0,220000.0,,ARS,1,,,used,MLA409415,,,
MLA2011503402,Google Home Asistente Virtual Google 110v/220v No Es 2da Gen,20000.0,20000.0,,ARS,1,,,used,MLA409415,,,
MLA1432597373,Usado Google Home Mini Google Assistant Coral 110v/220v,44990.0,44990.0,,ARS,9,,,used,MLA409415,,,
MLA1361528507,Parlante Inteligente Google Home Mini Smart Speaker Gris Yt,62990.0,62990.0,,ARS,4,,,used,MLA409415,,,
MLA1361515563,Parlante Inteligente Google Home Mini Smart Speaker Spotify,58990.0,58990.0,,ARS,5,,,used,MLA409415,,,
MLA1364551668,Parlante Inteligente Google Home Mini  Youtube Usado Gris,58990.0,58990.0,,ARS,5,,,used,MLA409415,,,
MLA1412480803,Google Home Mini Negro,90000.0,90000.0,,ARS,1,,,used,MLA409415,,,
MLA1474936661,Google Home Mini Con Google Assistant Chalk 110/220v Chalk,44999.0,44999.0,,ARS,1,,,used,MLA409415,,,
MLA1820484428,Google Home Mini Con Asistente Virtual Charcoal 110v/220v,89999.0,89999.0,,ARS,1,,,used,MLA409415,,,
MLA1892733826,Google Home Mini Con Asistente Virtual Chalk 110v/220v,55000.0,55000.0,,ARS,1,,,used,MLA409415,,,
MLA1416430677,Google Home Mini Original!! Google Assistant ,40000.0,40000.0,,ARS,1,,,used,MLA409415,,,
MLA1807784940,Google Home Mini Con Asistente Virtual,99000.0,99000.0,,ARS,1,,,used,MLA409415,,,
MLA1437520249,Google Home Mini Con Asistente Virtual Color Negro,159999.0,159999.0,,ARS,1,,,used,MLA409415,,,
MLA2010279400,Google Home Mini,50000.0,50000.0,,ARS,1,,,used,MLA409415,,,
MLA2020005016,Google Home Mini - Usado,49999.0,49999.0,,ARS,1,,,used,MLA409415,,,
MLA2011514822,Google Home Mini Con Asistente Virtual No Es 2da Gen,25000.0,25000.0,,ARS,1,,,used,MLA409415,,,
MLA1854015610,Google Home Mini Con Google Assistant,30000.0,30000.0,,ARS,1,,,used,MLA409415,,,
MLA1476279951,"Altavoz Wi-fi Google Home Mini Assistant, Color Negro",38000.0,38000.0,,ARS,1,,,used,MLA409415,,,
MLA1473995491,Apple Tv 4k (wifi + Ethernet) A2843 De Voz 3.ª Generación 2022 4k 128gb Negro - Distribuidor Autorizado,499999.0,499999.0,,ARS,12,,,new,MLA352001,,,
MLA1449403463,Apple Tv Hd A1625 De Voz 4.ª Generación 2015 Full Hd 32gb Negro Con 2gb De Memoria Ram,599990.0,599990.0,,ARS,77,,,new,MLA352001,,,
MLA2005336284,Apple Tv 4k (wifi) A2737 De Voz 3.ª Generación 2022 4k 64gb Negro - Distribuidor Autorizado,449999.0,449999.0,,ARS,18,,,new,MLA352001,,,
MLA1361061092,Apple Tv 4k (wifi + Ethernet) A2843 De Voz 3.ª Generación 2022 4k 128gb Negro,399376.0,399376.0,,ARS,38,,,new,MLA352001,,,
MLA1345282920,Apple Tv 4k (wifi) A2737 De Voz 3.ª Generación 2022 4k 64gb Negro,364087.0,364087.0,,ARS,70,,,new,MLA352001,,,
MLA1453365954,Apple Tv 4k A2169 De Voz 2.ª Generación 2021 4k 32gb Negro,499997.0,499997.0,,ARS,8,,,new,MLA352001,,,
MLA1594852796,Apple Tv 4k A2169 De Voz 2.ª Generación 2021 4k 64gb Negro,423600.0,423600.0,,ARS,1,,,new,MLA352001,,,
MLA1719499042,Streaming Apple Tv Fhd 32gb 2nd Gen 2021 Black Mhy93ll/a ,327990.0,327990.0,,ARS,1037,,,new,MLA352001,,,
MLA1981233514,Apple Tv 4k Wi-fi (tercera Generación) 128 Gb Ethernet,267141.48,267141.48,,ARS,15,,,new,MLA352001,,,
MLA1618134842,Apple Tv 4k (wifi + Ethernet) Con 128 Gb,468999.0,468999.0,,ARS,9,,,new,MLA352001,,,
MLA1366437937, Apple Tv 4k (wifi) A2737 3.ª Generación 2022 4k 64gb Negro,405399.0,405399.0,,ARS,11,,,new,MLA352001,,,
MLA1399215544, Apple Tv 4k (wifi) A2737 3.ª Generación 2022 4k 64gb Negro,477099.0,477099.0,,ARS,11,,,new,MLA352001,,,
MLA1618134776,Apple Tv 4k (wifi + Ethernet) Con 128 Gb,550999.0,550999.0,,ARS,8,,,new,MLA352001,,,
MLA1476413599,Apple Tv 4k (wifi + Ethernet) A2843 De Voz 3.a Generación 20,335000.0,335000.0,,ARS,2,,,new,MLA352001,,,
MLA1458318213,Apple Tv 4k (wifi + Ethernet)  3ra Gen 2022 4k 128gb Negro,420000.0,420000.0,,ARS,1,,,new,MLA352001,,,
MLA1426291701,Apple Tv 4k 64gb Modelo A2169. Soporte Y Funda De Regalo,567000.0,567000.0,,ARS,1,,,new,MLA352001,,,
MLA1475999135,Apple Tv 4k A2169 De Voz 2.a Generación 2021 4k 32gb 2021 Negro De Voz,255000.0,255000.0,,ARS,1,,,new,MLA352001,,,
MLA2011479876,Apple Tv 4k Wi-fi (tercera Generación) 64gb Apple Tv Negro De Voz,330000.0,330000.0,,ARS,1,,,new,MLA352001,,,
MLA1475974383,Apple Tv 4k 32 Gb,35000.0,35000.0,,ARS,1,,,used,MLA352001,,,
MLA1475264487,Apple Tv 3.a Generación A1427,30000.0,30000.0,,ARS,1,,,used,MLA352001,,,
MLA1448806077,"Apple Tv A1469 3.a Gen. Full Hd 8gb, 1gb Ram,estado Impoluto",44900.0,44900.0,,ARS,1,,,used,MLA352001,,,
MLA1990017942,Apple Tv De 3° Generación - Md199bz/a Muy Poco Uso!!!,59000.0,59000.0,,ARS,1,,,used,MLA352001,,,
MLA1968764116,Apple Tv 2.a Generación Hd 8gb Negro,30000.0,30000.0,,ARS,1,,,used,MLA352001,,,
MLA1769973558, Apple Tv A1427  8gb Negro  512mb Ram Con Caja,70000.0,70000.0,,ARS,1,,,used,MLA352001,,,
MLA1469995027,Apple Tv A1218 2007 1.a Generacion,30000.0,30000.0,,ARS,1,,,used,MLA352001,,,
MLA2007226274,Apple Tv A1378 Estándar 2.a Generación,24989.0,24989.0,,ARS,1,,,used,MLA352001,,,
MLA1399520644,Apple Tv 4k 32gb A1842 Negro (usado),400000.0,400000.0,,ARS,1,,,used,MLA352001,,,
MLA1938425710,Apple Tv 3,38000.0,38000.0,,ARS,1,,,used,MLA352001,,,
MLA1133058175,Apple Tv Modelo A1469,65000.0,65000.0,,ARS,1,,,used,MLA352001,,,
MLA1460688751,Apple Tv Hd 4.a Generación 2015 A1625 / 32 Gb,180000.0,180000.0,,ARS,1,,,used,MLA352001,,,
MLA1462043665,Apple Tv 2a Generación Full Hd,40000.0,40000.0,,ARS,1,,,used,MLA352001,,,
MLA1474236571,Apple Tv Hd A1625 De Voz 4.a Full Hd 32gb Negro,169000.0,169000.0,,ARS,1,,,used,MLA352001,,,
MLA1990674538,Apple Tv 3.a Generación A1427,49000.0,49000.0,,ARS,1,,,used,MLA352001,,,
MLA1414122791, Apple Tv A1427 Negro - 1080p Full Hd,120000.0,120000.0,,ARS,1,,,used,MLA352001,,,
MLA1903134622,Apple Tv A1427 3.ª Generación Full Hd 8gb,73999.0,73999.0,,ARS,1,,,used,MLA352001,,,
MLA1972159008,Apple Tv A1427 ( Control No Funciona),20000.0,20000.0,,ARS,1,,,used,MLA352001,,,
MLA1436930383,Apple Tv A1427 Estándar 3.ªgeneracion,80500.0,80500.0,,ARS,1,,,used,MLA352001,,,
MLA1913427140,Apple Tv A1427  3.a Generación Full Hd 8gb Negro,60000.0,60000.0,,ARS,1,,,used,MLA352001,,,
MLA1447987851,Apple Tv A1427 Estándar 3.a Generación Fhd,70000.0,70000.0,,ARS,1,,,used,MLA352001,,,
MLA1998810982,Apple Tv A1469 Estándar 3.a Generación Excelente Estado,39000.0,39000.0,,ARS,1,,,used,MLA352001,,,
MLA2016882872,Apple Tv 3gen Full Hd 8gb *no Funciona*,15000.0,15000.0,,ARS,1,,,used,MLA352001,,,
MLA1463957805,Apple Tv 4.a Generación 2015 Full Hd 32gb 2gb Ram,250000.0,250000.0,,ARS,1,,,used,MLA352001,,,
MLA1443682603,Apple Tv 2ª Generaciónhd 8gb Negro Con 256mb De Memoria Ram,60000.0,60000.0,,ARS,2,,,used,MLA352001,,,
MLA1474178905,Apple Tv 4k,50000.0,50000.0,,ARS,2,,,used,MLA352001,,,
MLA1419331631, Apple Tv 1ª Gen Full Hd -olo Aparato - Enciende - No Envío,25775.2,25775.2,,ARS,1,,,used,MLA352001,,,
MLA935560782,Apple Tv 3ra Generación - A1469,85000.0,85000.0,,ARS,1,,,used,MLA352001,,,
MLA1470131529,Apple Tv Hd A1625 De Voz 4.a Gen 2015 Full Hd 32gb,150000.0,150000.0,,ARS,1,,,used,MLA352001,,,
MLA1317267791,Apple Tv 3era Generación. Full Hd. Con Control Remoto,65000.0,65000.0,,ARS,1,,,used,MLA352001,,,
MLA2010200866,Apple Tv Hd 4ta 4th Generación 2015 A1625 Restore Problem,59000.0,59000.0,,ARS,1,,,used,MLA352001,,,
MLA1464550035,Apple Tv A1427 Estándar 3.a Generación,25000.0,25000.0,,ARS,1,,,used,MLA352001,,,
MLA1983274666,Amazon Fire Tv Stick De Voz 3gen Full Hd 8gb Negro Con 1gb De Ram,55541.0,55541.0,,ARS,991,,,new,MLA352001,,,
MLA2005704460,Amazon Fire Tv Stick 4k 2023 Wifi 6 2gb De Ram Con Alexa Color Negro,68499.0,68499.0,,ARS,172,,,new,MLA352001,,,
MLA1831398710,Amazon Lite Fire Tv Stick B091g4yp57 De Voz Full Hd 8gb Negro Con 1gb De Memoria Ram,61209.0,61209.0,,ARS,51,,,new,MLA352001,,,
MLA2013327302,Amazon Fire Tv Stick 4k Ultra Hd Max 16gb 2nda Generación Wi-fi 6e Color Negro Tipo De Control Remoto Estándar,101152.0,101152.0,,ARS,55,,,new,MLA352001,,,
MLA1565619806,Amazon Fire Tv Stick Lite Control Por Voz Alexa Fhd 1080p Color Negro Tipo De Control Remoto De Voz,61379.0,61379.0,,ARS,642,,,new,MLA352001,,,
MLA1974901626,Amazon Fire Tv Stick Hd 2024 Control Por Voz Fhd Streaming,55190.0,55190.0,,ARS,104,,,new,MLA352001,,,
MLA1968378116,Amazon Fire Tv Stick 3ra Hd Alexa Voice Remote Original,64019.0,64019.0,,ARS,47,,,new,MLA352001,,,
MLA1971319040,Amazon Fire Tv Stick 4k Max 16 Gb Wifi 6 Ultra Rápido Color Negro,112878.0,112878.0,,ARS,15,,,new,MLA352001,,,
MLA1401168109,Amazon Tv Stick Fire Tv Stick 4k Max K2r2te De Voz 1.ª Generación 4k 8gb Negro Con 2gb De Memoria Ram,112317.0,112317.0,,ARS,39,,,new,MLA352001,,,
MLA1474169913,Amazon Fire Tv Stick Hd 2024 Control Por Voz Fhd Sicoaf,59999.0,59999.0,,ARS,200,,,new,MLA352001,,,
MLA1908528342,"Amazon Fire Tv Stick 4k Streaming, Con Alexa Voice Remote Color Negro",79199.0,79199.0,,ARS,17,,,new,MLA352001,,,
MLA1996368090,Streaming Fire Tv Stick lite - Amazon - 1080p Fhd / Rom 8gb,69999.0,69999.0,,ARS,120,,,new,MLA352001,,,
MLA1974013466,Amazon Fire Tv Stick Hd 2024 Control Por Voz Fhd Streamoing,61999.0,61999.0,,ARS,23,,,new,MLA352001,,,
MLA1937931438,Amazon Fire Tv Stick Lite Full Hd 8gb Control + Voz Negro,64999.0,64999.0,,ARS,124,,,new,MLA352001,,,
MLA1441306967,Amazon Convertidor Fire Tv Stick Lite Alexa Voice Smart Tv,143675.0,143675.0,,ARS,30,,,new,MLA352001,,,
MLA1464688935,Amazon Fire Tv Stick 8gb Wifi 5 1080p Hdr Alexa Version 2024,82313.99,82313.99,,ARS,45,,,new,MLA352001,,,
MLA1974062514,Amazon Fire Tv Stick Hd 2024 Control Por Voz Fhd Streaming,61998.0,61998.0,,ARS,18,,,new,MLA352001,,,
MLA1369238847,Amazon Fire Tv Stick Lite Control De Voz Full Hd 8gb 1gb Ram,74999.0,74999.0,,ARS,282,,,new,MLA352001,,,
MLA2008339342,Amazon Fire Tv Stick 4k 2023 Wifi 6 2gb Color Negro,68499.0,68499.0,,ARS,26,,,new,MLA352001,,,
MLA1472107243,Amazon Fire Tv Stick 4k Fire Tv Stick 4k 53-008355 Pilas 4k Negro,84999.0,84999.0,,ARS,3,,,new,MLA352001,,,
MLA1477750263,Amazon Fire Tv Stick Hd 4a Generación Con Comandos De Voz Negro 1gb Ram,59716.0,59716.0,,ARS,30,,,new,MLA352001,,,
MLA1397794231,"Fire Tv Stick (3.ª Generación 2021) Con Alexa Voice Remote,",82475.0,82475.0,,ARS,79,,,new,MLA352001,,,
MLA1134823466,Amazon Fire Tv Stick 4k De Voz 2ª Generación 4k 8gb Negro1 Con 1.5gb De Memoria Ram,85986.0,85986.0,,ARS,30,,,new,MLA352001,,,
MLA1989056330,Amazon Fire Tv Stick 4k 2° Gen 2gb Negro Con Alexa,69126.0,69126.0,,ARS,44,,,new,MLA352001,,,
MLA1975526012,Amazon Fire Tv Stick Hd 2024 Control De Voz 8gh Wifi 5 Nuevo,79990.0,79990.0,,ARS,50,,,new,MLA352001,,,
MLA1981319370,Amazon Fire Tv Stick 4k Ultra Hd Max 16gb Wi-fi 6e Negro,113430.0,113430.0,,ARS,9,,,new,MLA352001,,,
MLA1916062622,Amazon Tv Stick Lite 3ra Gen Streaming Full Hd,88450.0,88450.0,,ARS,999,,,new,MLA352001,,,
MLA1451230839,Amazon Fire Tv Stick 4k Ultra Hd Max 16gb Wi-fi 6e Negro,147890.0,147890.0,,ARS,24,,,new,MLA352001,,,
MLA1856299012,Amazon Fire Tv Stick 4k Comando De Voz Streaming,96000.0,96000.0,,ARS,56,,,new,MLA352001,,,
MLA1369026587,Amazon Fire Tv Stick 4k De Voz 2ª Generación 4k 8gb Negro Con 1.5gb De Memoria Ram,99998.0,99998.0,,ARS,3,,,new,MLA352001,,,
MLA1974888490,Amazon Fire Tv Stick Hd 2024 Control Por Voz Fhd Streaming,66599.0,66599.0,,ARS,44,,,new,MLA352001,,,
MLA1981306256,Amazon Fire Tv Stick 3 Generación,70903.0,70903.0,,ARS,1,,,new,MLA352001,,,
MLA1376700509,Amazon Fire Tv Stick 4k 8gb  1.5gb Ram Streaming Control Voz,68752.0,68752.0,,ARS,75,,,new,MLA352001,,,
MLA2017481294,"Control Remoto De Voz Fire Tv Stick Lite De Segunda Generación, Alexa Amazon Bivolt, Color Negro, Tipo Control Remoto",59351.0,59351.0,,ARS,3,,,new,MLA352001,,,
MLA1918175152,Amazon Fire Tv Stick 4k Max Ultra Hd 16gb Streaming,113478.0,113478.0,,ARS,16,,,new,MLA352001,,,
MLA1987961156,Amazon Fire Tv Stick De Voz 3gen Full Hd 8gb 1gb Ram,68990.0,68990.0,,ARS,16,,,new,MLA352001,,,
MLA1413017321,Amazon Fire Tv Stick 4k De Voz 3.ª Generación 4k 8gb Ade,124999.0,124999.0,,ARS,6,,,new,MLA352001,,,
MLA1458709339,Amazon Fire Tv Stick 4k Ultra Hd Max 16gb 2 Gen Wi-fi 6e,124998.0,124998.0,,ARS,42,,,new,MLA352001,,,
MLA1447682463,Amazon Fire Tv Stick 4k Control Por Voz 3ra Generación Alexa,79999.0,79999.0,,ARS,38,,,new,MLA352001,,,
MLA1975421614,Amazon Fire Tv Stick 4k 2023 Wifi 6 2gb De Ram Con Alexa,104999.0,104999.0,,ARS,26,,,new,MLA352001,,,
MLA1144084762,Amazon Fire Tv Stick 4k 8gb Negro Con 1.5gb De Memoria Ram,68752.0,68752.0,,ARS,91,,,new,MLA352001,,,
MLA1464753255,Amazon Fire Tv Stick 8gb Wifi 5 1080p Hdr Version 2024 Alexa,77768.99,77768.99,,ARS,46,,,new,MLA352001,,,
MLA1143429135,Amazon Fire Tv Stick Lite Full Hd Control Por Voz Smart + ,87999.0,87999.0,,ARS,24,,,new,MLA352001,,,
MLA1975932800,Amazon Fire Tv Stick 4k 2023 Wifi 6 2gb De Ram Con Alexa,88990.0,88990.0,,ARS,24,,,new,MLA352001,,,
MLA1976434684,"Amazon Fire Tv Stick Lite Full Hd 2 Gen De 8 Gb Con 1 Gb De Ram, Color Negro",69999.0,69999.0,,ARS,2,,,new,MLA352001,,,
MLA1143409979,Amazon Fire Tv Stick Lite Full Hd Control Voz Smart Tv Hdmi,64999.0,64999.0,,ARS,46,,,new,MLA352001,,,
MLA1995130936,Amazon Fire Tv Stick Hd 2024 Control De Voz 8gh Wifi 5 Nuevo,69400.0,69400.0,,ARS,6,,,new,MLA352001,,,
MLA1451931929,Amazon Fire Tv Stick 4k Max Ultra Hd 16gb Streaming,113478.0,113478.0,,ARS,15,,,new,MLA352001,,,
MLA1449892657,Amazon Tv Stick Lite 2da Gen Streaming Full Hd,83310.0,83310.0,,ARS,41,,,new,MLA352001,,,
MLA1920492052,Amazon Fire Tv Stick De Voz 3gen Full Hd 8gb Negro Con Pilas,85900.0,85900.0,,ARS,6,,,new,MLA352001,,,
